run,mode,setup_seconds,exec_seconds,merge_seconds,end_to_end_seconds,cases_run,cases_passed,sum_per_test_seconds,group1_seconds,group2_seconds,group3_seconds,group4_seconds
1,sequential,35.077,154.937,0.255,155.193,1500,1490,145.192,45.122,47.485,46.691,15.64
1,parallel,36.863,97.384,0.451,97.835,1500,1490,294.989,79.233,92.162,97.373,33.094
2,parallel,41.619,97.923,0.519,98.443,1500,1490,297.699,80.781,93.533,97.912,32.264
2,sequential,43.542,182.964,0.526,183.49,1500,1490,176.662,48.644,59.38,58.061,16.879
3,sequential,42.793,176.527,0.391,176.917,1500,1490,171.43,46.38,58.092,56.345,15.71
3,parallel,41.938,100.189,0.396,100.585,1500,1490,307.667,82.904,95.456,100.178,35.183
4,parallel,44.336,98.478,0.408,98.886,1500,1490,299.74,81.643,93.569,98.467,34.03
4,sequential,42.616,181.859,0.379,182.239,1500,1490,176.243,46.229,59.952,56.353,19.326
5,sequential,39.772,173.073,0.4,173.472,1500,1490,167.983,45.469,54.298,57.207,16.098
5,parallel,39.834,99.146,0.355,99.5,1500,1490,300.268,81.292,93.635,99.135,31.937
